title,url,summary,article_text
Iran truce spurs best week for India bonds in over six years,https://economictimes.indiatimes.comhttps://economictimes.indiatimes.com/markets/bonds/iran-truce-spurs-best-week-for-india-bonds-in-over-six-years/articleshow/130170096.cms,"Indian government bonds ended their best week in six-and-a-half years on Friday, as a fragile truce between U.S. and Iran cooled oil prices and a neutral central bank policy aided sentiment.",
"Rupee ends higher; traders eye Trump's Iran deadline, RBI policy decision",https://economictimes.indiatimes.comhttps://economictimes.indiatimes.com/markets/forex/forex-news/rupee-ends-higher-traders-eye-trumps-iran-deadline-rbi-policy-decision/articleshow/130084563.cms,"The Indian rupee closed stronger on Tuesday, supported by the unwinding of residual arbitrage positions, while traders braced for a U.S. deadline to reach a deal with Iran and the Reserve Bank of India's monetary policy decision.",
"RBI policy on expected lines, focused on stability and proactivity: R. Gandhi",https://economictimes.indiatimes.comhttps://economictimes.indiatimes.com/markets/expert-view/rbi-policy-on-expected-lines-focused-on-stability-and-proactivity-r-gandhi/articleshow/130107152.cms,"The Reserve Bank of India's recent monetary policy announcement offered clarity amidst global uncertainties, with former Deputy Governor R. Gandhi highlighting the MPC's expected assessment and projections. The RBI's proactive stance, as evidenced by its willingness to intervene during rupee volatility, signals a commitment to maintaining economic equilibrium and mitigating market fluctuations.",
"Ceasefire, RBI policy cool bond yields by 0.15 pc to slip below 7%",https://economictimes.indiatimes.comhttps://economictimes.indiatimes.com/markets/bonds/ceasefire-rbi-policy-cool-bond-yields-by-0-15-pc-to-slip-below-7/articleshow/130116524.cms,"Indian bond yields ended nearly 0.15 per cent lower on Wednesday, taking comfort from the conditional ceasefire in the West Asia conflict, and Reserve Bank of India (RBI) maintaining the status quo on policy rate.",
Is the RBI fighting the wrong battle? Why rate hikes may not solve India’s current inflation problem,https://economictimes.indiatimes.comhttps://economictimes.indiatimes.com/markets/stocks/news/is-the-rbi-fighting-the-wrong-battle-why-rate-hikes-may-not-solve-indias-current-inflation-problem/articleshow/130382575.cms,"Rising oil prices due to the West Asia conflict have lifted inflation expectations, but underlying demand in India remains weak. Despite market signals pointing to possible rate hikes, historical trends and current macro conditions suggest the RBI may hold off, favouring supportive monetary policy amid fragile growth and supply-driven inflation pressures.",
"India's 10-year bond yield slumps most in four years on Iran truce, RBI policy",https://economictimes.indiatimes.comhttps://economictimes.indiatimes.com/markets/bonds/indias-10-year-bond-yield-slumps-most-in-four-years-on-iran-truce-rbi-policy/articleshow/130113290.cms,"Indian bonds rallied on Wednesday, with the benchmark yield posting its biggest fall in four years, as oil prices slumped following a two-week truce between the U.S. and Iran, while the central bank kept its policy rate unchanged.",
"Long-term bonds are cheap now; patient investors may gain big, says Rahul Goswami of Franklin Templeton",https://economictimes.indiatimes.comhttps://economictimes.indiatimes.com/wealth/invest/long-term-bonds-are-cheap-now-patient-investors-may-gain-big-says-rahul-goswami-of-franklin-templeton/articleshow/130346901.cms,"Rate cuts are off the table, inflation is creeping up, and the Strait of Hormuz remains a wildcard. In a candid interview with ET Wealth’s Kayezad E. Adajania, Rahul Goswami of Franklin Templeton, sees a clear opportunity in long-dated bonds for investors who can stomach near-term volatility.",
"RBI eases NPA-linked capital rules, scraps IFR buffer for banks",https://economictimes.indiatimes.comhttps://economictimes.indiatimes.com/news/economy/policy/rbi-eases-npa-linked-capital-rules-scraps-ifr-buffer-for-banks/articleshow/130104258.cms,The Reserve Bank of India is easing capital rules for banks. A key condition linking quarterly profits to capital adequacy based on NPA provisioning is being removed. The central bank also plans to eliminate the Investment Fluctuation Reserve. These changes aim to strengthen bank balance sheets.,
RBI MPC at a glance: Your one-stop guide for all key decisions,https://economictimes.indiatimes.comhttps://economictimes.indiatimes.com/news/economy/policy/rbi-mpc-keeting-2026-at-a-glance-rbi-governor-sanjay-malhotra-speech-highlights-repo-rate-policy-decisions/articleshow/130102278.cms,"The Reserve Bank of India has maintained the repo rate at 5.25%. India's economy shows strong growth driven by domestic demand. Inflation is easing but global risks persist. The central bank projects a GDP growth of 7.6% for the fiscal year 2026. Business sentiment remains positive, and the banking system is efficient.",
"RBI holds repo rate, warns of impact of West Asia conflict on economy",https://economictimes.indiatimes.comhttps://economictimes.indiatimes.com/news/economy/policy/rbi-holds-repo-rate-warns-of-impact-of-west-asia-conflict-on-economy/articleshow/130105728.cms,"The Reserve Bank of India maintained its key interest rate and neutral stance, citing geopolitical risks from the West Asian conflict. While growth forecasts for FY27 were lowered and inflation projections raised, the RBI emphasized the potential impact on oil prices, agriculture, and global liquidity. The central bank aims to balance inflation control with economic growth.",
RBI Policy Meeting 2026 Live: Sanjay Malhotra holds repo rate at 5.25%; hints at interest low rate in short-medium term,https://economictimes.indiatimes.comhttps://economictimes.indiatimes.com/news/newsblogs/rbi-monetary-policy-meeting-2026-live-updates-repo-rate-india-gdp-growthreserve-bank-of-india-governor-sanjay-malhotra-speech-announcements-highlights-8th-april/liveblog/130099615.cms,"RBI Monetary Policy Meeting: Sanjay Malhotra-led RBI MPC kept repo rate unchanged at 5.25 per cent as the West Asia war continues to cast its shadow on the global economy. The Reserve Bank of India (RBI) concluded its Monetary Police Committee meeting on Wednesday. The central bank estimated the real GDP growth for FY27 at 6.9 per cent. The MPC meeting of the Reserve Bank of India (RBI) was conducted in the background of tough geopolitical conditions and fluctuating global energy prices. India's economic growth is said to be impacted by the ongoing conflict in West Asia, as global supply chains remain disrupted for more than six weeks in a row.",
"Stay calm, stay invested, says Dipan Mehta; prefers PSU banks & NBFCs among financials",https://economictimes.indiatimes.comhttps://economictimes.indiatimes.com/markets/expert-view/stay-calm-stay-invested-says-dipan-mehta-prefers-psu-banks-nbfcs-among-financials/articleshow/130129801.cms,"Amidst global market jitters, Elixir Equities' Dipan Mehta advises investors to exercise patience, resisting drastic portfolio changes. He highlights oil prices as a key indicator for market stability. Mehta suggests a cautious approach to banking, favoring PSU banks and diversified NBFCs, while seeing potential in EV-focused auto players and currency-driven exports.",
"ETMarkets Smart Talk| FY26 a year of consolidation, not breakdown; global stability key for revival in FY27: Somil Mehta",https://economictimes.indiatimes.comhttps://economictimes.indiatimes.com/markets/expert-view/etmarkets-smart-talk-fy26-a-year-of-consolidation-not-breakdown-global-stability-key-for-revival-in-fy27-somil-mehta/articleshow/130223880.cms,"Indian markets experienced consolidation in FY26 due to global headwinds, but underlying economic strength remains. FY27 revival hinges on global stability and domestic growth drivers like government capex and consumption. Investors should focus on sectors with earnings visibility and policy support, while gold and silver offer hedging.",
"Iran war ceasefire fails to bring FIIs to India, Rs 2,811 crore sold as caution lingers",https://economictimes.indiatimes.comhttps://economictimes.indiatimes.com/markets/stocks/news/iran-war-ceasefire-fails-to-bring-fiis-to-india-rs-2054-crore-sold-as-caution-lingers/articleshow/130116804.cms,"Indian equities rallied sharply after easing geopolitical tensions and falling oil prices, boosting sentiment and rate-sensitive sectors. Despite this, foreign investors continued selling, reflecting caution. Stable policy and improving macro conditions support outlook, but sustainability depends on earnings, oil trends and global developments.",
RBI Monetary Policy 2026 Live Streaming: When and where to watch the address of Governor Sanjay Malhotra today?,https://economictimes.indiatimes.comhttps://economictimes.indiatimes.com/news/economy/policy/rbi-mpc-meet-2026-live-streaming-date-time-when-and-where-to-watch-address-of-governor-sanjay-malhotra/articleshow/130100266.cms,RBI MPC Meeting Live Telecast: The Monetary Policy Committee of the Reserve Bank of India will announce its decision on interest rate and other key monetary policies on April 8. RBI Governor Sanjay Malhotra will give a statement on the Monetary Policy Committee’s decision. You can watch his address on the official YouTube channel and Twitter handle of the Reserve Bank of India.,
"RBI rate hikes look inevitable in 2026: How it can impact banks, realty, rate sensitive stocks",https://economictimes.indiatimes.comhttps://economictimes.indiatimes.com/markets/stocks/news/rbi-rate-hikes-look-inevitable-in-2026-how-it-can-impact-banks-realty-rate-sensitive-stocks/articleshow/130102903.cms,"Amidst geopolitical tensions and rising inflation fears, analysts anticipate the RBI may hike its policy repo rate by 50 basis points in 2026. This potential shift could significantly impact rate-sensitive sectors like banking and real estate, which are already showing signs of fragility despite current demand.",
"Stocks braced for volatility as RBI policy, West Asia conflict take centre stage, say analysts",https://economictimes.indiatimes.comhttps://economictimes.indiatimes.com/markets/stocks/news/stocks-braced-for-volatility-as-rbi-policy-west-asia-conflict-take-centre-stage-say-analysts/articleshow/130037689.cms,"The domestic stock market is expected to remain volatile this week as investors track the Reserve Bank's monetary policy decision, key global macroeconomic data and the impact of the West Asia conflict, analysts said.",
"RBI retains FY26 GDP at 7.6%; sets FY27 growth at 6.9%, inflation at 4.6% as war risks mount",https://economictimes.indiatimes.comhttps://economictimes.indiatimes.com/news/economy/indicators/india-retains-fy26-gdp-at-7-6-sets-fy27-growth-at-6-9-inflation-at-4-6-as-war-risks-mount/videoshow/130103729.cms,,
"Iran‑US war impact: RBI MPC lists five key areas that threaten global supply chains, economy",https://economictimes.indiatimes.comhttps://economictimes.indiatimes.com/news/india/iranus-war-impact-rbi-mpc-lists-five-key-areas-that-threaten-global-supply-chains-economy/videoshow/130103350.cms,,
"Crude oil, remittances & exports: RBI spells out where the Iran war bites India",https://economictimes.indiatimes.comhttps://economictimes.indiatimes.com/news/economy/indicators/rbi-mpc-meeting-2026-war-impact-measures-strategy-india-inflation-economy-west-asia-oil-exports-remittances/articleshow/130102207.cms,"The Reserve Bank of India emphasises the ramifications of the West Asia conflict on the nation's economy. Fluctuating energy prices, uncertainties in trade, and market volatility present emerging risks. While the country's foundational economic strengths are robust, the potential impact of external disruptions is worrisome.",
"RBI pause now, tightening later: A delicate trade-off with rising tail risks",https://economictimes.indiatimes.comhttps://economictimes.indiatimes.com/markets/stocks/news/rbi-pause-now-tightening-later-a-delicate-trade-off-with-rising-tail-risks/articleshow/130076809.cms,"India's economy faces testing times from rising oil prices and global uncertainty. While growth is solid, it is uneven and vulnerable. Inflation is moderating but fragile. The Reserve Bank of India anticipates a cautious approach to interest rates. Deeper reforms and sharper policy focus are crucial for sustained growth amidst evolving global challenges.",
Monetary Policy statement by RBI Governor Sanjay Malhotra | Repo rate | NSE | BSE,https://economictimes.indiatimes.comhttps://economictimes.indiatimes.com/news/india/monetary-policy-statement-by-rbi-governor-sanjay-malhotra-repo-rate-nse-bse/videoshow/130102369.cms,,
"India bonds jump on Mideast peace proposal, 10-year yield slides most in 15 weeks",https://economictimes.indiatimes.comhttps://economictimes.indiatimes.com/markets/bonds/india-bonds-jump-on-mideast-peace-proposal-10-year-yield-slides-most-in-15-weeks/articleshow/130060680.cms,"Indian bonds surged on Monday, with the 10-year yield falling the most in nearly 15 weeks, on hopes of an end to the Middle East war after the U.S. and Iran received the framework for a plan to end their five-week-old conflict.",
MPC Forex Level: India forex reserves rebound to $697.1 bn as RBI flags volatility management,https://economictimes.indiatimes.comhttps://economictimes.indiatimes.com/news/economy/indicators/rbi-monetary-policy-2026-forex-level-impact-currency-trading-forex-market-today-usd-inr-rate-reserves-rebound-to-697-1-bn-as-rbi-flags-volatility-management/articleshow/130102729.cms,"MPC Forex Level refers to the impact of Monetary Policy Committee decisions on currency exchange rates. Understand how RBI’s interest rate decisions, inflation outlook, and repo rate changes influence forex markets, USD/INR movement, and trading strategies for investors and traders. India's foreign exchange reserves have seen a welcome rise, reaching $697.1 billion. This marks a recovery after recent significant drops.",
RBI MPC Highlights: What Governor Sanjay Malhotra announced today,https://economictimes.indiatimes.comhttps://economictimes.indiatimes.com/news/economy/policy/rbi-mpc-highlights-what-governor-sanjay-malhotra-announced-today/articleshow/130102402.cms,"The Reserve Bank of India has maintained its key repo rate at 5.25 percent. This decision reflects a neutral stance. India's economy shows strong growth prospects for FY26. However, global conflicts pose risks to supply chains and inflation. The RBI will closely monitor these evolving global and domestic factors.",
When fear outpaces fundamentals: Why RBI’s signal matters more than rates,https://economictimes.indiatimes.comhttps://economictimes.indiatimes.com/opinion/et-commentary/when-fear-outpaces-fundamentals-why-rbis-signal-matters-more-than-rates/articleshow/130007021.cms,"India faces geopolitical turbulence despite strong economic fundamentals. The Reserve Bank of India's upcoming policy decision is crucial. Rising inflation and potential growth slowdown present challenges. The central bank must manage uncertainty, avoid premature tightening, and focus on domestic stability. Clear communication on currency management is vital to counter market fears and reinforce India's underlying economic strengths.",
Crude at $70 in 2026? That may remain a distant dream,https://economictimes.indiatimes.comhttps://economictimes.indiatimes.com/industry/energy/oil-gas/iran-war-crude-at-70-in-2026-that-may-remain-a-distant-dream/articleshow/130054991.cms,"Crude oil prices are unlikely to fall below USD 70 this year and may settle between USD 80-85 per barrel in 2026. This forecast suggests ongoing global uncertainties will keep prices elevated. For India, this could mean slower GDP growth and inflation above 4.5 percent. The Reserve Bank of India's policy response will be crucial.",
"ETMarkets Smart Talk | FY26 a year of consolidation, not breakdown; global stability key for revival in FY27: Somil Mehta",https://economictimes.indiatimes.comhttps://economictimes.indiatimes.com/markets/expert-view/etmarkets-smart-talk-fy26-a-year-of-consolidation-not-breakdown-global-stability-key-for-revival-in-fy27-somil-mehta/articleshow/130080229.cms,"Indian markets experienced consolidation in FY26 due to global headwinds, but underlying economic strength remains. FY27 revival hinges on global stability and domestic growth drivers like government capex and consumption. Investors should focus on sectors with strong earnings visibility and policy support.",
"IT rebound, banking bets & global themes: Sandip Agarwal maps the market playbook",https://economictimes.indiatimes.comhttps://economictimes.indiatimes.com/markets/expert-view/it-rebound-banking-bets-global-themes-sandip-agarwal-maps-the-market-playbook/articleshow/130102724.cms,"Market expert Sandip Agarwal sees a structural turn in IT stocks driven by a weakening rupee and cooled valuations, expecting significant EPS growth. He also highlights emerging value in the banking sector, while advising caution on EMS and consumption due to seasonal and supply chain concerns.",
RBI to focus on managing INR volatility over liquidity: Tanvee Gupta Jain,https://economictimes.indiatimes.comhttps://economictimes.indiatimes.com/markets/expert-view/rbi-to-focus-on-managing-inr-volatility-over-liquidity-tanvee-gupta-jain/articleshow/130080055.cms,The Reserve Bank of India faces a challenging policy review. Global uncertainties and volatile oil prices are key concerns. Experts highlight rising external risks and currency weakness. The central bank must balance growth and inflation. Policy decisions will shape India's economic future.,
"Sensex rises for 4th consecutive day, jumps 510 pts; Nifty above 23,100",https://economictimes.indiatimes.comhttps://economictimes.indiatimes.com/markets/stocks/news/bulls-return-to-dalal-street-sensex-jumps-510-pts-nifty-above-23100-for-4th-consecutive-day/articleshow/130083643.cms,"Indian stock markets rebounded strongly on Tuesday, with Sensex and Nifty gaining nearly 2% each after recovering from morning lows. This surge, driven by a strong rupee and positive investor sentiment, added Rs 2 lakh crore to the market capitalization. IT stocks led the gains, while India Vix saw a significant decline.",
Measures to address the war's fallout lie outside MPC's remit - GoI and RBI must step up,https://economictimes.indiatimes.comhttps://economictimes.indiatimes.com/opinion/et-commentary/measures-to-address-the-wars-fallout-lie-outside-mpcs-remit-goi-and-rbi-must-step-up/articleshow/130044629.cms,The Reserve Bank of India's Monetary Policy Committee meets amid a West Asian war. This conflict disrupts supply chains and raises crude oil prices. Inflation is rising while growth shows signs of slowing. The committee must navigate these challenges. The government and RBI are taking steps to manage the rupee's depreciation. Future economic projections will be crucial.,
"Rs 5 lakh crore gains! Sensex soars 787 pts, Nifty reclaims 22,950; Iran-US ceasefire framework, 3 other factors behind the rally",https://economictimes.indiatimes.comhttps://economictimes.indiatimes.com/markets/stocks/news/why-is-stock-market-riing-today-rs-3-lakh-crore-added-sensex-jumps-500-pts-nifty-near-22900-iran-us-ceasefire-framework-3-other-factors-behind-d-st-rally/articleshow/130055571.cms,"Indian stock markets staged a remarkable recovery, erasing morning losses to turn positive by afternoon. This surge was primarily fueled by media reports of a Pakistan-brokered Iran-US ceasefire framework, significantly boosting investor confidence. Key sectors like Consumer Durables led the gains, while Reliance Industries bucked the trend.",
Indian banks likely to face margin pressure amid tighter liquidity in FY27: Fitch,https://economictimes.indiatimes.comhttps://economictimes.indiatimes.com/industry/banking/finance/banking/indian-banks-likely-to-face-margin-pressure-amid-tighter-liquidity-in-fy27-fitch/articleshow/129968644.cms,"Indian banks may see tighter margins. The Reserve Bank of India faces challenges injecting funds due to rupee volatility. Global risks could further impact bank earnings. Despite this, Indian banks are seen as resilient. Liquidity surplus in the banking system has decreased. Rupee pressure could limit the RBI's policy options. Direct foreign currency risks for banks remain limited.",
"Q4 impact: Bank stocks slump up to 32% in 3 months, but brokerages bet on SBI, HDFC Bank, 6 more stocks. Check why",https://economictimes.indiatimes.comhttps://economictimes.indiatimes.com/markets/stocks/news/q4-impact-bank-stocks-slump-up-to-32-in-3-months-but-brokerages-bet-on-sbi-hdfc-bank-6-more-stocks-check-why/articleshow/129994128.cms,"Banking stocks have slumped up to 32% over three months, underperforming the Nifty amid FII outflows, rising oil prices and rate concerns. Brokerages remain selective, backing SBI, ICICI Bank and others despite margin pressure. Q4 results and FY27 outlook will be key triggers for the sector’s recovery.",
Not-so-happy new financial year!,https://economictimes.indiatimes.comhttps://economictimes.indiatimes.com/opinion/et-editorial/not-so-happy-new-financial-year/articleshow/129933402.cms,"Indian stock markets saw their worst year since the pandemic in FY26. Foreign investors sold a record amount of Indian shares. Global events like trade tariffs and regional conflicts impacted investor sentiment. The Rupee also declined significantly. Despite these challenges, India's economic fundamentals remain robust, offering resilience against global shocks. Market recovery hinges on energy price stability.",
"Markets await clarity, valuations offer key support: Punita Kumar Sinha",https://economictimes.indiatimes.comhttps://economictimes.indiatimes.com/markets/expert-view/markets-await-clarity-valuations-offer-key-support-punita-kumar-sinha/articleshow/129895018.cms,"Geopolitical tensions and rising energy prices are creating market uncertainty, with traditional safe havens failing to provide comfort. While the war's outcome remains unclear, Indian market valuations offer a cushion, trading below historical averages. Positive developments could trigger a rally, as markets have historically rebounded from crises.",
"RBI's policy battle amid oil shock, rupee pressure to be complex as many challenges ahead: Report",https://economictimes.indiatimes.comhttps://economictimes.indiatimes.com/news/economy/indicators/rbis-policy-battle-amid-oil-shock-rupee-pressure-to-be-complex-as-many-challenges-ahead-report/articleshow/129771716.cms,"The Reserve Bank of India faces a complex policy challenge amid rising energy prices, with trade-offs between inflation, growth, liquidity and currency stability, according to an Emkay Global Financial Services report.",
"While bourses look at when uncertainty prices itself into valuations, Trump plays blackjack",https://economictimes.indiatimes.comhttps://economictimes.indiatimes.com/opinion/et-commentary/while-bourses-look-at-when-uncertainty-prices-itself-into-valuations-trump-plays-blackjack/articleshow/129784586.cms,"Indian stock markets face pressure from escalating West Asian geopolitical tensions. Rising oil prices impact India's economy, affecting inflation and the rupee. While some sectors show resilience, others face significant challenges. Policymakers navigate a difficult path between inflation control and growth support. India's strong forex reserves and diversified crude sourcing offer some buffer against disruptions.",
India retains headline inflation target at 4% following review,https://economictimes.indiatimes.comhttps://economictimes.indiatimes.com/news/economy/indicators/india-retains-headline-inflation-target-at-4-following-review/articleshow/129804820.cms,India's government has kept the retail inflation target at 4 percent. This target falls within a 2 to 6 percent band. The Reserve Bank of India's Monetary Policy Committee is responsible for meeting this goal. This inflation targeting framework was adopted in 2016 and last reviewed in 2021. The committee comprises central bank and government appointees.,
Goldman Sachs cuts India's 2026 growth forecast to 5.9%,https://economictimes.indiatimes.comhttps://economictimes.indiatimes.com/news/economy/indicators/goldman-sachs-cuts-indias-2026-growth-forecast-to-5-9/articleshow/129775674.cms,Goldman Sachs has revised India's 2026 growth forecast downwards to 5.9 percent. The firm anticipates a 50 basis point increase in policy rates. This adjustment stems from the ongoing Gulf conflict and its impact on oil prices. Higher crude prices present significant risks to India's economy.,
"India bank liquidity sees first big deficit of 2026 on tax outflow, lack of RBI support",https://economictimes.indiatimes.comhttps://economictimes.indiatimes.com/news/economy/finance/india-bank-liquidity-sees-first-big-deficit-of-2026-on-tax-outflow-lack-of-rbi-support/articleshow/129748509.cms,India's banking system faces a significant cash shortage for the first time in 2026. Heavy tax payments and central bank currency market actions have drained funds. This has pushed borrowing costs higher. Experts anticipate conditions to improve by month-end. Year-end government spending is expected to ease the deficit.,
RBI's likely to raise liquidity to keep 'short' rates in check,https://economictimes.indiatimes.comhttps://economictimes.indiatimes.com/news/economy/policy/rbis-likely-to-raise-liquidity-to-keep-short-rates-in-check/articleshow/129595006.cms,The Reserve Bank of India is expected to increase money supply soon. This move aims to prevent short-term interest rates from rising sharply. It will also counter the effects of the RBI's efforts to support the Rupee. Open market operations and dollar-rupee swaps are key tools. This strategy helps manage liquidity and keep borrowing costs low for banks.,
Market outlook for Monday: Will Sensex and Nifty stay under pressure as Iran war clouds linger?,https://economictimes.indiatimes.comhttps://economictimes.indiatimes.com/markets/stocks/market-outlook-for-monday-will-bears-keep-pressure-on-sensex-nifty-amid-usisraeliran-war/articleshow/129588688.cms,"Indian stock markets experienced a sharp decline in March, with Sensex and Nifty falling approximately 8% each. Escalating tensions in the Middle East, particularly the prolonged closure of the Strait of Hormuz amid the Iran-Israel-US war, spooked investors. Experts anticipate a weak market trend in the short term, with potential further declines.",
Oil prices to hit $150? How Indian stock markets may react as Iran war rages on,https://economictimes.indiatimes.comhttps://economictimes.indiatimes.com/markets/stocks/news/oil-prices-to-hit-150-how-indian-stock-markets-may-react-as-iran-war-rages-on/articleshow/129587020.cms,"Oil prices have surged past $100 per barrel amid escalating Iran–Israel tensions and fears of a prolonged closure of the Strait of Hormuz, a key global energy chokepoint. Analysts warn crude could climb to $150 if disruptions persist, raising inflation risks and pressuring Indian equities, which have already seen sharp declines amid foreign outflows, rupee weakness and energy supply concerns.",
"Iran-Israel war: Every 10% rise in oil prices could shave 20–25 bps off India’s GDP growth, says HDFC Bank",https://economictimes.indiatimes.comhttps://economictimes.indiatimes.com/news/economy/indicators/iran-israel-war-every-10-rise-in-oil-prices-could-shave-2025-bps-off-indias-gdp-growth-says-hdfc-bank/articleshow/129455295.cms,"Geopolitical tensions in West Asia are creating economic uncertainty for India. Higher oil prices could slow growth and increase inflation. The current account deficit may widen, and the Indian Rupee could face depreciation. The Reserve Bank of India is expected to manage currency volatility. The duration of the conflict will be key to the economic impact.",
Ahead of Market: 10 things that will decide stock market action on Tuesday,https://economictimes.indiatimes.comhttps://economictimes.indiatimes.com/markets/stocks/news/ahead-of-market-10-things-that-will-decide-stock-market-action-on-tuesday/articleshow/129341195.cms,"Indian stocks extended losses as the Middle East conflict pushed crude prices near $120, raising inflation and growth concerns. Analysts say pharma and IT buying offered some support, while markets remain volatile with key Nifty support seen around 23,700.",
Share of sub-9% bank loans rises with fall in rates,https://economictimes.indiatimes.comhttps://economictimes.indiatimes.com/markets/stocks/news/share-of-sub-9-bank-loans-rises-with-fall-in-rates/articleshow/129123637.cms,"Bank loans below 9% interest surged to 62.4% in December 2025, a significant rise from 42.4% a year prior, indicating easing lending rates. Despite this, the number of bank borrowers dropped by nearly 13 million, suggesting a shift towards non-bank lenders and fintech firms.",
"Iran war may hurt India’s growth more than inflation, RBI expected to hold steady",https://economictimes.indiatimes.comhttps://economictimes.indiatimes.com/news/economy/indicators/middle-east-war-israel-iran-conflict-may-hurt-india-growth-more-than-inflation-rbi-expected-to-hold-steady/articleshow/129081939.cms,"As tensions rise in Iran due to US and Israeli interventions, India's economy finds itself at a crossroads. Unlike direct price hikes, the real concern lies within broader economic stability, leading the Reserve Bank of India to likely maintain lower interest rates. The repercussions of elevated oil prices and interrupted gas supplies are reverberating through the markets.",
RBI likely to go for a prolonged policy rate pause: ICICI Bank report,https://economictimes.indiatimes.comhttps://economictimes.indiatimes.com/news/economy/indicators/rbi-likely-to-go-for-a-prolonged-policy-rate-pause-icici-bank-report/articleshow/128631839.cms,"ICICI Bank Global Markets said the chances of a policy rate hike are low due to benign core inflation and expects a prolonged pause in rates through 2026-27, with the focus shifting to regular durable liquidity infusion to support monetary transmission.",
ETMarkets Smart Talk: Range-bound markets ahead; prefer mid & smallcaps as earnings pick up in FY27–28: Mohit Khanna,https://economictimes.indiatimes.comhttps://economictimes.indiatimes.com/markets/expert-view/etmarkets-smart-talk-range-bound-markets-ahead-prefer-mid-smallcaps-as-earnings-pick-up-in-fy2728-mohit-khanna/articleshow/128237435.cms,"Indian markets are navigating cross-currents post-Budget and policy announcements, with volatility expected to persist. Mohit Khanna of PGIM India AMC anticipates range-bound movement in the near term but sees strong earnings growth accelerating in FY27-28. He favors a bottom-up approach, with a constructive outlook on mid- and small-cap equities.",
"Prefer short-end corporate bonds, tactical allocation to SDLs: SBI MF CIO",https://economictimes.indiatimes.comhttps://economictimes.indiatimes.com/markets/bonds/prefer-short-end-corporate-bonds-tactical-allocation-to-sdls-sbi-mf-cio/articleshow/128234720.cms,"India's fixed income markets are recalibrating cautiously. While macro fundamentals have improved, elevated borrowing and weak demand shape the bond outlook. SBI Mutual Fund's CIO advises selective duration, favoring short-end corporate bonds and tactical state development loans amid heavy supply.",
"End of rate cuts, ample liquidity: Why short-end yields above 7% look attractive, says Devang Shah",https://economictimes.indiatimes.comhttps://economictimes.indiatimes.com/markets/bonds/end-of-rate-cuts-ample-liquidity-why-short-end-yields-above-7-look-attractive-says-devang-shah/articleshow/128382447.cms,"Fixed income investors should recalibrate strategies as RBI nears the end of its rate-cut cycle. With comfortable liquidity and low rate hike probability, short-term AAA corporate bonds above 7% offer better risk-reward. Accrual-oriented strategies in the short to medium segment are favored over long-duration bets. Potential Bloomberg index inclusion could boost government bonds.",
"No more rate cuts, but high yields create tactical opportunities in long bonds, says Vikas Garg",https://economictimes.indiatimes.comhttps://economictimes.indiatimes.com/markets/bonds/no-more-rate-cuts-but-high-yields-create-tactical-opportunities-in-long-bonds-says-vikas-garg/articleshow/128412695.cms,"The RBI's policy pause signals the end of easy money, but elevated bond yields present tactical opportunities, especially at the longer end. Despite record borrowing, real yields remain compelling, with supply dynamics shaping the yield curve. Investors should watch for signals before entering long-duration funds.",
"Swaps shut the door on India rate cuts, growth-inflation outlook lifts longer tenors",https://economictimes.indiatimes.comhttps://economictimes.indiatimes.com/markets/stocks/news/swaps-shut-the-door-on-india-rate-cuts-growth-inflation-outlook-lifts-longer-tenors/articleshow/128195383.cms,"India's overnight indexed swaps signal that the central bank's rate-cut cycle has likely run its course, anchoring short-term rates, while longer-tenor rates are being pulled higher on expectations of firmer inflation and robust growth.",
"RBI policy shows steady follow up action to Budget announcements, say experts",https://economictimes.indiatimes.comhttps://economictimes.indiatimes.com/news/economy/policy/rbi-policy-shows-steady-follow-up-action-to-budget-announcements-say-experts/articleshow/128001248.cms,"The Reserve Bank of India kept its benchmark interest rate unchanged on Friday, as expected, as inflation remained at manageable levels and growth concerns eased following increased government spending in the Budget and reduced tariff pressures after a trade deal with the United States.",
Rupee largely quiet before RBI policy; risk-off sentiment may weigh,https://economictimes.indiatimes.comhttps://economictimes.indiatimes.com/markets/forex/forex-news/rupee-largely-quiet-before-rbi-policy-risk-off-sentiment-may-weigh/articleshow/127966546.cms,"On Friday morning, the Indian rupee is set to maintain a stable opening. Market experts believe it will trade within a tight corridor leading up to the Reserve Bank of India's policy update. With investors showing heightened risk aversion, the rupee—along with many emerging market currencies—faces limited demand.",
India’s retail inflation rises to 2.75% in January under 2024 CPI series: Explained,https://economictimes.indiatimes.comhttps://economictimes.indiatimes.com/news/economy/indicators/indias-retail-inflation-rises-to-2-75-in-january-under-2024-cpi-series-explained/videoshow/128266033.cms,,
Customers to get safety net against small cyber frauds,https://economictimes.indiatimes.comhttps://economictimes.indiatimes.com/industry/banking/finance/banking/customers-to-get-safety-net-against-small-cyber-frauds/articleshow/128006875.cms,"Cyber fraud: The steps proposed Friday include a proposal to compensate customers up to ₹25,000 for losses arising from small-value digital frauds, enhanced authentication requirements for transactions undertaken by senior citizens, and tighter conduct rules for lenders.",
"From Rs 10 lakh to Rs 20 lakh, collateral free loan limit will be doubled for these borrowers; RBI MPC",https://economictimes.indiatimes.comhttps://economictimes.indiatimes.com/wealth/borrow/from-rs-10-lakh-to-rs-20-lakh-collateral-free-loan-limit-will-be-doubled-for-these-borrowers-rbi-mpc/articleshow/127970246.cms,The Reserve Bank of India has doubled the collateral-free loan limit for small business from Rs 10 lakh to Rs 20 lakh. Collateral-free loans allow businesses to secure funds without pledging assets.,
RBI Policy : Small businesses to get up to Rs 20 lakh collateral free loans,https://economictimes.indiatimes.comhttps://economictimes.indiatimes.com/industry/banking/finance/banking/rbi-monetary-policy-committee-small-businesses-to-get-up-to-rs-20-lakh-collateral-free-loans/articleshow/127980910.cms,"RBI MPC 2026 announcement: The Reserve Bank of India has doubled the upper limit for collateral-free loans to micro and small enterprises (MSEs) from Rs 10 lakh to Rs 20 lakh. This revision, effective April 1, 2026, aims to combat inflation and improve access to formal credit for these crucial economic contributors.",
RBI lifts cap on foreign bond investments via lock‑in route,https://economictimes.indiatimes.comhttps://economictimes.indiatimes.com/markets/bonds/rbi-lifts-cap-on-foreign-bond-investments-via-lockin-route/articleshow/127975930.cms,The Reserve Bank of India has removed the Rs 2.5 lakh crore investment limit for debt securities under the voluntary retention route. This move aims to attract stable foreign debt flows. Investments will now follow general route ceilings. Foreign investors have shown reduced preference for this route recently. This change is not expected to cause a significant surge in inflows.,
RBI policy review: MPC keeps repo rate unchanged at 5.15%,https://economictimes.indiatimes.comhttps://economictimes.indiatimes.com/markets/stocks/news/rbi-policy-review-mpc-keeps-repo-rate-unchanged-at-5-15/articleshow/73977138.cms,"With economy showing visible signs of green shoots, RBI decided to focus on taming inflation.",
RBI MPC at a glance: Your one-stop guide for all key decisions,https://economictimes.indiatimes.comhttps://economictimes.indiatimes.com/news/economy/policy/rbi-mpc-meeting-at-a-glance-key-highlights-from-fy-2026-27-monetary-policy/articleshow/127965417.cms,"RBI MPC Meeting at a Glance: The Reserve Bank of India’s Monetary Policy Committee kept the repo rate unchanged at 5.25%, signalling a cautious yet steady approach amid global uncertainties and strong domestic growth. With inflation remaining low and under control, the committee unanimously decided to continue with a neutral monetary policy stance, staying prepared to respond to evolving economic conditions and fresh data.",
"RBI policy outcome: The good, bad and ugly for D-Street investors",https://economictimes.indiatimes.comhttps://economictimes.indiatimes.com/markets/stocks/news/rbi-policy-outcome-the-good-bad-and-ugly-for-d-street-investors/articleshow/102603319.cms,The banking regulator kept the repo rate unchanged for the third time at 6.5% while retaining the FY24 GDP forecasts of 6.5%. RBI Governor Shaktikanta Das revised the FY24 inflation upwards to 5.4% from an earlier 5.1%.,
"Indian rupee to gauge sustenance of foreign flows, bonds back to supply worries",https://economictimes.indiatimes.comhttps://economictimes.indiatimes.com/markets/forex/forex-news/indian-rupee-to-gauge-sustenance-of-foreign-flows-bonds-back-to-supply-worries/articleshow/128092775.cms,"This week, Indian markets are on high alert for pivotal economic data, as traders keenly observe foreign portfolio inflows that could dictate the rupee’s trajectory. Meanwhile, bond investors are attuned to the balancing act of demand and supply. The rupee recently surged following the announcement of a trade deal between the U.S.",
RBI MPC meeting time: When it will be live streamed and how to catch the Governor Sanjay Malhotra’s key decisions,https://economictimes.indiatimes.comhttps://economictimes.indiatimes.com/news/new-updates/rbi-mpc-meeting-time-when-it-will-be-live-streamed-and-how-to-catch-the-governor-sanjay-malhotras-key-decisions/articleshow/127966670.cms,"RBI MPC meeting time: The Reserve Bank of India's Monetary Policy Committee will announce its latest policy decision on February 6, 2026. This decision will impact loan EMIs, savings returns, and market sentiment. Analysts expect the repo rate to remain unchanged. The RBI Governor will address the media, providing insights into inflation and growth. This announcement is crucial for borrowers, investors, and businesses.",
Indian Banks strong enough to be impacted by the Adani crisis,https://economictimes.indiatimes.comhttps://economictimes.indiatimes.com/news/economy/policy/indian-banks-strong-enough-to-be-impacted-by-the-adani-crisis/videoshow/97726949.cms,,
Fixed deposit rates likely to decline in coming weeks,https://economictimes.indiatimes.comhttps://economictimes.indiatimes.com/news/economy/finance/fixed-deposit-rates-likely-to-decline-in-coming-weeks/articleshow/7885534.cms,Oriental Bank of Commerce slashed interest rates on fixed deposits of over Rs 1 crore by up to 1 per cent for select maturities.,
RBI hikes rates for last time this fiscal. What it means for your finances,https://economictimes.indiatimes.comhttps://economictimes.indiatimes.com/markets/web-stories/rbi-hikes-rates-for-last-time-this-fiscal-what-it-means-for-your-finances/slideshow/97729815.cms,,
How to trade Nifty Bank ahead of monthly expiry and RBI policy,https://economictimes.indiatimes.comhttps://economictimes.indiatimes.com/markets/stocks/news/how-to-trade-nifty-bank-ahead-of-monthly-expiry-and-rbi-policy/articleshow/94448992.cms,"Due to the sharp rise in US bond yields, Indian bond yields have also moved up sharply with 2-year bond yields moving to their 3 years high and almost 50bps move in the last 1 week itself. It has impacted banking stocks adversely and profit booking was experienced ahead of RBI’s monetary policy.",
"RBI, pause again. Give growth another chance",https://economictimes.indiatimes.comhttps://economictimes.indiatimes.com/opinion/et-commentary/rbi-pause-again-give-growth-another-chance/articleshow/100829680.cms,"With lower imported inflation, thanks to a sustained phase of monetary tightening in advanced economies led by the US Fed, RBI's MPC could safely pause and yet lower its projected inflation estimate for Q1 FY2024",
"RBI policy verdict tomorrow: As tomatoes paint inflation red, can Das soothe D-St’s frayed nerves?",https://economictimes.indiatimes.comhttps://economictimes.indiatimes.com/markets/stocks/news/rbi-policy-verdict-tomorrow-as-tomatoes-paint-inflation-red-can-das-soothe-d-sts-frayed-nerves/articleshow/102560111.cms,"Inflation will take centre-stage during the 3-day panel discussion in the backdrop of the recent surge in vegetable prices, particularly tomatoes. Since June, prices of tomatoes have increased by more than 5 times.",
"Rupee strengthens to 90.18 per dollar, weekly rally gathers steam before RBI MPC outcome",https://economictimes.indiatimes.comhttps://economictimes.indiatimes.com/markets/forex/forex-news/rupee-strengthens-to-90-18-per-dollar-weekly-rally-gathers-steam-before-rbi-mpc-outcome/articleshow/127969024.cms,"On Friday, the Indian rupee continued its ascent, marking a notable weekly gain ahead of the Reserve Bank of India's much-anticipated policy update. The currency appeared to benefit from strategic dollar sales, pushing it higher despite a backdrop of global market unease. Meanwhile, foreign investors offloaded Indian stocks, yet the rupee demonstrated resilience amidst tough external factors.",
Equity benchmark indices fall ahead of RBI policy review,https://economictimes.indiatimes.comhttps://economictimes.indiatimes.com/markets/stocks/news/indices-fall-ahead-of-rbi-policy-review/articleshow/102552665.cms,"The broader market, however, ended positive. The Nifty Midcap 150 index gained 0.26% and Nifty Small-cap 250 index rose 0.16%. Foreign portfolio investors sold shares worth ₹711.34 crore on Tuesday. Domestic institutions were buyers to the tune of ₹537.31 crore.",
RBI Policy Context,https://economictimes.indiatimes.comhttps://economictimes.indiatimes.com/markets/stocks/news/dovish-rbi-policy-spurs-corporate-bond-issuances/rbi-policy-context/slideshow/124620001.cms,,
RBI Policy Preview,https://economictimes.indiatimes.comhttps://economictimes.indiatimes.com/markets/stocks/news/rbi-poised-to-hold-rates-at-5-50-amid-mixed-signals/rbi-policy-preview/slideshow/124206298.cms,,
RBI Policy Print,https://economictimes.indiatimes.comhttps://economictimes.indiatimes.com/markets/web-stories/everything-you-need-to-know-about-rbis-surprise-pause-7-points/rbi-policy-print/slideshow/99294551.cms,,
RBI policy ahead,https://economictimes.indiatimes.comhttps://economictimes.indiatimes.com/markets/stocks/news/q2-earnings-the-story-so-far/rbi-policy-ahead/slideshow/66839409.cms,,
RBI Policy Outlook,https://economictimes.indiatimes.comhttps://economictimes.indiatimes.com/markets/stocks/news/strong-macros-low-inflation-to-anchor-yields-says-mahendra-jajoo/rbi-policy-outlook/slideshow/123425561.cms,,
"ET Prime Special: Bond markets & yield curve, the economy's crystal ball – and indicator of what is in store for the stock market",https://economictimes.indiatimes.comhttps://economictimes.indiatimes.com/intelligent-investing/macro-economics/et-prime-special-bond-markets-yield-curve-the-economys-crystal-ball-and-indicator-of-what-is-in-store-for-the-stock-market/articleshow/128351722.cms,"While the stock market grabs headlines, the bond market is the bedrock of the financial system as it determines the fundamental “price of money” (interest rates) for every business and household. From risk-free government securities to high-yield corporate bonds, the market is now accessible to retail investors. Central to this world is the yield curve, a powerful crystal ball that tracks market expectations for inflation and growth, providing a vital, real-time map of where the economy is headed.",
RBI’s wait-and-watch stance signals confidence in growth: Economists,https://economictimes.indiatimes.comhttps://economictimes.indiatimes.com/news/economy/policy/rbis-wait-and-watch-stance-signals-confidence-in-growth-economists/articleshow/127981626.cms,The Reserve Bank of India has kept its key interest rate steady. Economists agree this is a prudent move given strong economic growth and changing inflation trends. The central bank is also awaiting updated economic data. Experts believe the RBI will focus on managing money supply to keep lending rates accessible.,
"Rate cuts came, but bond yields didn't quite follow the script",https://economictimes.indiatimes.comhttps://economictimes.indiatimes.com/markets/bonds/rate-cuts-came-but-bond-yields-didnt-quite-follow-the-script/articleshow/127964091.cms,"Despite recent policy rate cuts, Indian bond yields remain stubbornly high. Market analysts attribute this disconnect to uncertainty surrounding future monetary policies and the influx of government bonds. Interestingly, consumer loans for homes, automobiles, and SMEs are experiencing lower interest rates, diverging from traditional patterns where bond yields would typically decline alongside policy adjustments.",
"Markets movement to depend on earnings season, RBI policy: Prashastha Seth",https://economictimes.indiatimes.comhttps://economictimes.indiatimes.com/markets/stocks/recos/markets-movement-to-depend-on-earnings-season-rbi-policy-prashastha-seth/articleshow/9098976.cms,"Wait for two things, a) how the quarterly results pan out over the next few days and b) what is essentially the outcome of the RBI policy.",
RBI policy review kicks off. What stock investors should expect,https://economictimes.indiatimes.comhttps://economictimes.indiatimes.com/markets/stocks/news/rbi-policy-review-kicks-off-what-stock-investors-should-expect/articleshow/93324112.cms,"""Alternatively, the MPC could choose to hike by a more aggressive 50 bps - same as June, joining some DM and regional central banks in sending a more decisive signal,” BofA Securities said.“On the other hand, we also cannot completely rule out a 25 bps hike as the MPC could acknowledge that inflation has peaked and cite downside risks to their estimates, resorting to standard, more measured hikes,"" it added.",
Bankers welcome RBI regulatory measures; say rate status quo on expected lines,https://economictimes.indiatimes.comhttps://economictimes.indiatimes.com/industry/banking/finance/banking/bankers-welcome-rbi-regulatory-measures-say-rate-status-quo-on-expected-lines/articleshow/128002326.cms,"The Reserve Bank of India has maintained its policy rates. Bankers generally welcomed this decision and the announced regulatory and developmental policies. Initiatives to enhance customer protection, digital payment safeguards, and support for MSMEs are highlighted. These measures aim to strengthen the financial ecosystem and sustain credit flows.",
Dalal Street's wait for RBI rate cuts just got longer. Here’s what analysts said after MPC outcome,https://economictimes.indiatimes.comhttps://economictimes.indiatimes.com/markets/stocks/news/dalal-streets-wait-for-rbi-rate-cuts-just-got-longer-heres-what-analysts-said-after-mpc-outcome/articleshow/100842997.cms,"The Reserve Bank of India (RBI) has kept its rates on hold for a second consecutive month despite expectations for a cut. The decision was attributed to concerns over ""upside risks"" including the potential impact of El Nino on India's monsoon season and continued monetary tightening by central banks globally. Inflation remains higher than the 4% target and last week Canada's central bank made an unexpected rate rise. Some market participants noted the pause signalled that the wait for rate cuts could be an extended one.",
Post Monetary Policy Press Conference | RBI Governor Sanjay Malhotra | LIVE,https://economictimes.indiatimes.comhttps://economictimes.indiatimes.com/news/india/post-monetary-policy-press-conference-rbi-governor-sanjay-malhotra-live/videoshow/127973988.cms,,
"RBI MPC Meet: A rate cut’s unlikely with growth strong, liquidity call in focus, as per ET Poll",https://economictimes.indiatimes.comhttps://economictimes.indiatimes.com/news/economy/policy/mpc-meet-a-rate-cuts-unlikely-with-growth-strong-liquidity-call-in-focus-poll/articleshow/127870171.cms,"Reserve Bank of India is expected to keep interest rates unchanged. Economists foresee a neutral to dovish stance from Governor Sanjay Malhotra. Liquidity support measures and a new open market operation calendar are anticipated. The Monetary Policy Committee will assess budget impacts on inflation, growth, and liquidity. Inflation is projected to stay near the 4% target, while growth remains strong.",
"No fireworks in RBI policy see auto, realty, FMCG stocks cooling off; banks trade steady",https://economictimes.indiatimes.comhttps://economictimes.indiatimes.com/markets/stocks/news/no-fireworks-in-rbi-policy-see-auto-realty-fmcg-stocks-cooling-off-banks-trade-steady/articleshow/100840692.cms,"After the Reserve Bank of India decided to maintain its policy rates, banking stocks remained stable while stocks in rate-sensitive sectors such as automobiles and real estate faced profit booking. The reaction of the stock market was expected, with investors predicting no major surprises in the policy statement. Although the RBI Governor highlighted macroeconomic improvements, concerns about monsoon season and the potential impact of El-Nino conditions still linger. The central bank maintained a GDP growth forecast for FY24 of 6.5%.",
Ahead of Market: 10 things that will decide stock market action on Friday,https://economictimes.indiatimes.comhttps://economictimes.indiatimes.com/markets/stocks/news/ahead-of-market-10-things-that-will-decide-stock-market-action-on-friday/articleshow/127944298.cms,"Indian equities ended lower as Nifty and Sensex snapped gains amid broad selling led by financials, autos and IT. Analysts see consolidation, with key supports intact, resistance capping rebounds, and stock-specific opportunities until RBI policy cues emerge in near term.",
RBI Monetary Policy Committee keeps repo rate unchanged at 5.25%,https://economictimes.indiatimes.comhttps://economictimes.indiatimes.com/news/economy/policy/rbi-monetary-policy-committee-keeps-repo-rate-unchanged-at-5-25/videoshow/127970014.cms,,
"RBI removes VRR cap, reshapes FPI debt limits to boost bond inflows",https://economictimes.indiatimes.comhttps://economictimes.indiatimes.com/markets/forex/forex-news/rbi-removes-vrr-cap-reshapes-fpi-debt-limits-to-boost-bond-inflows/articleshow/127997202.cms,"RBI scrapped the Rs 2.5 lakh crore VRR cap, folding it into FPI debt limits from April, boosting flexibility and ease of doing business while retaining safeguards on foreign ownership. Existing VRR investments shift to general limits, with gains expected.",
"RBI acts on fraud: Customers to get up to Rs 25,000 compensation for losses incurred in small value fraudulent transactions, announces RBI",https://economictimes.indiatimes.comhttps://economictimes.indiatimes.com/wealth/save/rbi-acts-on-fraud-customers-to-get-up-to-rs-25000-compensation-for-losses-incurred-in-small-value-fraudulent-transactions-announces-rbi/articleshow/127970319.cms,"Bank customers who fall victim to small value financial fraud can now receive compensation. The Reserve Bank of India announced this new policy. Victims may get up to Rs 25,000. This decision was made by RBI Governor Sanjay Malhotra. The Monetary Policy Committee also kept the policy repo rate unchanged. This aims to protect customers from financial losses.",
"RBI Monetary Policy 2026 Highlights: India still in same sweet ‘goldilocks’ spot, growth looking even better, says Sanjay Malhotra",https://economictimes.indiatimes.comhttps://economictimes.indiatimes.com/news/newsblogs/rbi-monetary-policy-2026-live-updates-rbi-governor-sanjay-malhotra-repo-rate-cut-gdp-cpi-inflation-mpc-meeting-highlights-6-february-2026/liveblog/127964303.cms,"RBI MPC Meet 2026 Highlights: The Reserve Bank of India (RBI) on Friday announced that it has unanimously voted to keep its key repo rate steady at 5.25%, sticking to its pause on interest rates even as India’s growth outlook improves after a strong policy week. Inflation is not a big worry right now and RBI noted that most everyday prices are stable. However, RBI has raised its inflation targets slightly. The small rise in the RBI’s inflation outlook is mainly because gold and silver have become more expensive, not because daily essentials are shooting up. On growth, the RBI sees India’s economy staying strong, driven largely by domestic demand. Trade deals and government spending are helping, even as global risks continue. The decision comes after the Union Budget boosted government spending and US President Donald Trump announced a trade deal with New Delhi, both of which have lifted expectations for faster economic growth. With fiscal support rising and external trade prospects improving, markets are now focused on how the RBI balances inflation risks with growth momentum.",
"RBI Policy Decision: Repo rate left unchanged at 6.5%; Sensex, Nifty slide",https://economictimes.indiatimes.comhttps://economictimes.indiatimes.com/markets/stocks/news/rbi-policy-decision-repo-rate-left-unchanged-sensex-nifty-erase-gains/articleshow/107511842.cms,"Despite the monetary policy action being on expected lines, the equity market tumbled. Sensex lost over 700 points while Nifty slipped below the 21,750 mark. Unlike in the previous meeting, the decision to leave rates unchanged this time was favoured by 5 of the 6-member MPC panel.",
Will bears return to D-Street after RBI policy verdict? Here's what trends suggest,https://economictimes.indiatimes.comhttps://economictimes.indiatimes.com/markets/stocks/news/will-d-street-bulls-hold-fort-before-rbi-policy-verdict-see-what-experts-say-historical-data-show/articleshow/105798948.cms,But a sense of fatigue among Dalal Street bulls was felt on Wednesday after Nifty50 dropped almost 100 points from its lifetime high-level intraday.,
"RBI goes for 25 bps repo rate cut, 3rd in a row; shifts stance to 'accommodative'",https://economictimes.indiatimes.comhttps://economictimes.indiatimes.com/markets/stocks/news/rbi-goes-for-25-bps-rate-cut-3rd-in-a-row-shifts-policy-stance-to-accommodative/articleshow/69672462.cms,The RBI press statement said all the six members voted in favour of a 25 bps rate cut.,
RBI MPC outcome: What this rate pause means for mutual fund investors?,https://economictimes.indiatimes.comhttps://economictimes.indiatimes.com/mf/analysis/rbi-mpc-outcome-what-this-rate-pause-means-for-mutual-fund-investors/articleshow/127975048.cms,"The RBI has paused the repo rate at 5.25%, signalling stability rather than a policy shift. Experts suggest investors focus on short to medium duration debt funds, accrual-led strategies and selective equity exposure, as returns in 2026 are expected to remain range bound amid cautious global conditions.",
"RBI MPC raises FY27 inflation forecast to 4.2%, revises FY26 growth to 7.4%",https://economictimes.indiatimes.comhttps://economictimes.indiatimes.com/news/economy/indicators/rbi-mpc-raises-fy27-inflation-forecast-to-4-2-revises-fy26-growth-to-7-4/videoshow/127971354.cms,,
"RBI MPC raises FY27 inflation forecast to 4.2%, revises FY26 growth to 7.4%",https://economictimes.indiatimes.comhttps://economictimes.indiatimes.com/news/economy/indicators/rbi-mpc-raises-fy27-inflation-forecast-to-4-2-revises-fy26-growth-to-7-4/videoshow/127971354.cms,,
RBI policy positive for housing sector,https://economictimes.indiatimes.comhttps://economictimes.indiatimes.com/news/economy/policy/rbi-policy-positive-for-housing-sector/articleshow/90723291.cms,The regulator has extended the liberal norms for the housing sector introduced during the pandemic for another year. This step may to facilitate higher credit flow to buy individual housing units.,
"RBI policy: Bankers, brokerages' expectations",https://economictimes.indiatimes.comhttps://economictimes.indiatimes.com/et-now/experts/rbi-policy-bankers-brokerages-expectations/videoshow/20601942.cms,RBI.jpg,
RBI policy - Is it neutral or accommodative?,https://economictimes.indiatimes.comhttps://economictimes.indiatimes.com/markets/stocks/news/rbi-policy-is-it-neutral-or-accommodative/articleshow/119741077.cms,"Over the last few months, there has been a distinct shift in the focus of monetary policy towards growth as inflation pressures have subsided. From December 2024 onwards RBI has focused on infusing durable liquidity to make conditions conducive for transmission and credit off-take.",
Fund managers react to RBI policy,https://economictimes.indiatimes.comhttps://economictimes.indiatimes.com/mf/mf-news/fund-managers-react-to-rbi-policy/articleshow/65229467.cms,The RBI hiked repo rate by 25 bps to 6.50 per cent in its third bi-monthly monetary policy review of FY 2018-19.,
Markets' expectations from RBI policy,https://economictimes.indiatimes.comhttps://economictimes.indiatimes.com/et-now/daily/markets-expectations-from-rbi-policy/videoshow/39613396.cms,,
Expectations of bankers from RBI policy,https://economictimes.indiatimes.comhttps://economictimes.indiatimes.com/et-now/policy/expectations-of-bankers-from-rbi-policy/videoshow/17010423.cms,rate-cut.jpg,
RBI Policy news: Key liquidity measures announced by Guv Shaktikanta Das,https://economictimes.indiatimes.comhttps://economictimes.indiatimes.com/news/economy/policy/rbi-policy-news-key-liquidity-measures-announced-by-guv-shaktikanta-das/videoshow/89472450.cms,,
Will RBI’s inflation warning dampen D-Street's bull run? Here’s what experts say,https://economictimes.indiatimes.comhttps://economictimes.indiatimes.com/markets/stocks/news/will-rbis-inflation-warning-dampen-d-streets-bull-run-heres-what-experts-say/articleshow/96053068.cms,"Keeping the inflation dynamics in mind, the central bank raised its projection on headline inflation based on the consumer price index for the current quarter and the next quarter by 10 basis points each to 6.6% and 5.9%, respectively.",
Market may go above 7700 if Bank Nifty is positive after RBI policy review: Mitesh Thacker,https://economictimes.indiatimes.comhttps://economictimes.indiatimes.com/markets/stocks/recos/market-may-go-above-7700-if-bank-nifty-is-positive-after-rbi-policy-review-mitesh-thacker/articleshow/39623621.cms,"If the Bank Nifty does not have any kind of negative event, the market momentum should spill over and we might actually see a breakout above 7700.",
RBI meeting outcome tomorrow: Will it be a pause or 25 bps rate hike?,https://economictimes.indiatimes.comhttps://economictimes.indiatimes.com/markets/stocks/news/rbi-meeting-outcome-tomorrow-will-it-be-a-pause-or-25-bps-rate-hike/articleshow/97687077.cms,"While market participants remain slightly divided between a pause and a 25 bps hike in the upcoming policy, there seems a clear consensus that the monetary policy will signal an end of the rate hiking cycle. However, we remain cautious on the possibility of dovish forward guidance just yet",
5 announcements from RBI Governor's policy statement that spoilt D-Street's mood,https://economictimes.indiatimes.comhttps://economictimes.indiatimes.com/markets/stocks/news/5-announcements-from-rbi-governors-policy-statement-that-spoilt-d-streets-mood/articleshow/96052175.cms,"The six-member Monetary Policy Committee (MPC) with a five-to-one majority increased the repo rate. Since May, RBI has hiked the repo rate by 225 basis points.",
RBI's policy unlikely to be impacted by Fed rate hike,https://economictimes.indiatimes.comhttps://economictimes.indiatimes.com/news/economy/policy/rbis-policy-unlikely-to-be-impacted-by-fed-rate-hike/articleshow/57669882.cms,"The US Fed hike is as per the expected lines, which raised its benchmark interest rate for the second time in three months and there is forecast of two additional hikes this year, experts said.",
Debt mutual fund managers react to RBI policy,https://economictimes.indiatimes.comhttps://economictimes.indiatimes.com/mf/analysis/debt-mutual-fund-managers-react-to-rbi-policy/articleshow/63628227.cms,The Reserve Bank of India maintained a status quo on policy rates in today's MPC meeting.,
"SBI MD on RBI policy, LCR framework & more",https://economictimes.indiatimes.comhttps://economictimes.indiatimes.com/markets/expert-view/sbi-md-on-rbi-policy-lcr-framework-more/articleshow/109058338.cms,"AK Tewari discusses the importance of adapting LCR monitoring to digital times to prevent rapid bank runs due to the instant withdrawal capability, emphasizing the critical role of deposit gathering in the banking sector amid ongoing transformations. Tiwari also says: ""For all banks, especially the deposit gathering and focus will be the key thing for the next several quarters.""",
Rupee ends higher; traders await RBI policy,https://economictimes.indiatimes.comhttps://economictimes.indiatimes.com/markets/forex/rupee-ends-higher-traders-await-rbi-policy/articleshow/100820777.cms,"""The market is relatively calm ahead of the RBI policy decision,"" said Dilip Parmar, research analyst at HDFC Securities, adding that likely foreign flows into equities helped the rupee during the day.",
"Sensex, Nifty gain ahead of RBI policy outcome",https://economictimes.indiatimes.comhttps://economictimes.indiatimes.com/markets/stocks/news/sensex-nifty-gain-ahead-of-rbi-policy-outcome/articleshow/90719577.cms,"""Today's monetary policy is unlikely to impact the market significantly even if there is a surprise rate hike. That would be interpreted by the market positively indicating that the RBI is not behind the curve,"" said V K Vijayakumar, Chief Investment Strategist at Geojit Financial Services.",
Forex hedging costs plunge after RBI policy,https://economictimes.indiatimes.comhttps://economictimes.indiatimes.com/markets/forex/forex-hedging-costs-plunge-after-rbi-policy/articleshow/89554946.cms,"The cost of covering currency risk crashed after the Reserve Bank of India delivered a ""super-dovish"" bi-monthly policy pulling yields down. Forwards premia across maturities slumped as much as 60 basis points in just two trading sessions, potentially benefiting overseas investors just ahead of LIC of India's mega share sale and local borrowers/importers with offshore liabilities.",
Top debt fund managers react to RBI policy,https://economictimes.indiatimes.comhttps://economictimes.indiatimes.com/mf/analysis/top-debt-fund-managers-react-to-rbi-policy/articleshow/73981252.cms,RBI kept the policy rates unchanged in the bi-monthly MPC meet today. Debt mutual fund managers say the move is in line with the market expectations.,
RBI policy and Budget will influence markets: Dharmesh Pancholi,https://economictimes.indiatimes.comhttps://economictimes.indiatimes.com/markets/stocks/recos/rbi-policy-and-budget-will-influence-markets-dharmesh-pancholi/articleshow/5476730.cms,"Dharmesh Pancholi, Investment Advisor, in an interview with ET Now says that RBI policy and Budget are the two events that will influence markets.",
"RBI's policy normalisation gets a leg up, say analysts",https://economictimes.indiatimes.comhttps://economictimes.indiatimes.com/news/economy/policy/rbis-policy-normalisation-gets-a-leg-up-say-analysts/articleshow/90730673.cms,"The six-member Monetary Policy Committee (MPC) voted to hold the benchmark repurchase or the repo rate at 4 per cent and decided to stick to an accommodative stance, the Reserve Bank of India (RBI) said after the first review meeting of the current fiscal.",
"GSAP 1.0 centrepiece of RBI money policy: Economists, analysts break it down",https://economictimes.indiatimes.comhttps://economictimes.indiatimes.com/markets/stocks/news/gsap-1-0-centrepiece-of-rbi-money-policy-economists-analysts-break-it-down/articleshow/81947458.cms,"The benchmark 10-year bond yield rose to 6.19% post-policy, before falling back to 6.06% after the central bank announced a secondary market government securities (G-sec) acquisition programme.",
RBI policy: here are mutual funds you can consider investing,https://economictimes.indiatimes.comhttps://economictimes.indiatimes.com/mf/analysis/rbi-policy-here-are-mutual-funds-you-can-consider-investing/articleshow/90721992.cms,The RBI policy is very confusing for many mutual fund investors. The implications of rate hikes and their impact on inflation and growth are too much for regular investors to decipher.,
"RBI policy move quite expected: Taimur Baig, Deutsche Bank",https://economictimes.indiatimes.comhttps://economictimes.indiatimes.com/opinion/interviews/rbi-policy-move-quite-expected-taimur-baig-deutsche-bank/articleshow/7111334.cms,"ET Now caught up with Taimur Baig, Director, Asia Economics, Deutsche Bank, for his views on the RBI policy review.",
RBI Monetary Policy Committee Meeting | Interest Rate Decision | LIVE,https://economictimes.indiatimes.comhttps://economictimes.indiatimes.com/news/india/rbi-monetary-policy-committee-meeting-interest-rate-decision-live/videoshow/127969843.cms,,
RBI MPC: India's central bank to stand pat as trade deal reduces urgency on rate cuts,https://economictimes.indiatimes.comhttps://economictimes.indiatimes.com/news/economy/policy/rbi-mpc-indias-central-bank-to-stand-pat-as-trade-deal-reduces-urgency-on-rate-cuts/articleshow/127898900.cms,"RBI Monetary Policy Committee February 2026: The Reserve Bank of India is likely to hold interest rates steady this week. Focus will be on ensuring previous rate cuts benefit borrowers. A recent trade deal with the U.S. reduces the need for immediate economic stimulus. India's economy is performing well, with growth forecasts remaining strong. Analysts anticipate measures to support the bond market.",
"India bond rally on US trade pact runs into supply wall, RBI meet",https://economictimes.indiatimes.comhttps://economictimes.indiatimes.com/markets/bonds/india-bond-rally-on-us-trade-pact-runs-into-supply-wall-rbi-meet/articleshow/127886436.cms,"Indian government bonds rose on Tuesday after the U.S.-India trade-pact sparked fresh buying, but gains were capped as the news created a ⁠rare opportunity for profit-taking in a supply-heavy market.",
What to expect from RBI policy meeting next week? Mahantesh Sabarad answers,https://economictimes.indiatimes.comhttps://economictimes.indiatimes.com/markets/expert-view/what-to-expect-from-rbi-policy-meeting-next-week-mahantesh-sabarad-answers/articleshow/105678149.cms,So I believe that we will continue to see newer highs as far as the markets are concerned and the going seems to be properly laid out.,
RBI's policy rate hike to pinch propert market: Realty sector,https://economictimes.indiatimes.comhttps://economictimes.indiatimes.com/wealth/personal-finance-news/rbis-policy-rate-hike-to-pinch-propert-market-realty-sector/articleshow/7360959.cms,Real estate developers and consultants on Tuesday said RBI's decision to hike policy rates by 25 basis points will affect the sentiment of the property market.,
"RBI policy a non-event, Equities to maintain upward bias",https://economictimes.indiatimes.comhttps://economictimes.indiatimes.com/markets/stocks/news/rbi-policy-a-non-event-equities-to-maintain-upward-bias/articleshow/39686824.cms,The RBI kept policy rates unchanged at its policy meet today. Repo rate was left unchanged at 8 per cent and reverse repo rate at 7 per cent.,
RBI policy outcome expected but what brought bank stocks under pressure?,https://economictimes.indiatimes.comhttps://economictimes.indiatimes.com/markets/stocks/news/rbi-policy-outcome-expected-but-what-brought-bank-stocks-under-pressure/articleshow/102598940.cms,RBI mandated banks to maintain the ICRR at 10% of the net demand and time liabilities (NDTL) between May 19 and July 28. The Monetary Policy Committee (MPC) of the RBI led by Governor Shaktikanta Das today kept the repo rate unchanged at 6.5% while increasing the inflation estimates for FY24 to 5.4% from an earlier estimate of 5.10%.,
"RBI keeps repo rate unchanged; impact on loans and deposits, what should the depositors, borrowers do now?",https://economictimes.indiatimes.comhttps://economictimes.indiatimes.com/wealth/personal-finance-news/rbi-keeps-repo-rate-unchanged-impact-on-loans-and-deposits-what-should-the-depositors-borrowers-do-now/articleshow/89467211.cms,"As corona related restrictions had an adverse impact on economic growth, the RBI Monetary Policy is on reviving growth. Repo rate remained unchanged in the RBI Policy on Feb 10, 2022. However, there are many indicators which hint that inflation may become a concern soon.",
"All eyes on RBI policy outcome, Shaktikanta Das to make a statement at 10 am",https://economictimes.indiatimes.comhttps://economictimes.indiatimes.com/news/economy/policy/all-eyes-on-rbi-policy-outcome-shaktikanta-das-to-make-a-statement-at-10-am/videoshow/81943416.cms,,
"RBI policy disappoints markets, Sensex tanks 97 points",https://economictimes.indiatimes.comhttps://economictimes.indiatimes.com/et-now/markets/rbi-policy-disappoints-markets-sensex-tanks-97-points/videoshow/53616966.cms,,
Mutual fund managers decode RBI Policy,https://economictimes.indiatimes.comhttps://economictimes.indiatimes.com/mf/analysis/mutual-fund-managers-decode-rbi-policy/articleshow/105835828.cms,"""As December is generally a sluggish month, market yields may not move much either side. We expect 10Y G-Sec yield to trade in a range of 7.15%-7.25% with a downward bias,"" says Avnish Jain, Head- Fixed Income, Canara Robeco Mutual Fund.",
'Expect to see rate reduction in RBI policy',https://economictimes.indiatimes.comhttps://economictimes.indiatimes.com/et-now/experts/expect-to-see-rate-reduction-in-rbi-policy/videoshow/49041963.cms,,
'RBI policy measures are positive on an overall basis',https://economictimes.indiatimes.comhttps://economictimes.indiatimes.com/et-now/policy/rbi-policy-measures-are-positive-on-an-overall-basis-taimur-baig/videoshow/51708408.cms,,
"RBI policy review, earnings to set tone",https://economictimes.indiatimes.comhttps://economictimes.indiatimes.com/opinion/et-commentary/rbi-policy-review-earnings-to-set-tone/articleshow/6217278.cms,"Stock investors and traders may need to brace for choppy sessions this week, after three straight weeks of gains.",
"Bankers, financial experts hail RBI policy",https://economictimes.indiatimes.comhttps://economictimes.indiatimes.com/news/economy/policy/bankers-financial-experts-hail-rbi-policy/articleshow/89483770.cms,"The central bank's monetary policy committee earlier in the day decided to keep the benchmark interest rate unchanged at 4 per cent, and continue with its accommodative stance.",
Dhirendra Kumar's view on RBI policy impact,https://economictimes.indiatimes.comhttps://economictimes.indiatimes.com/et-now/finance/dhirendra-kumars-view-on-rbi-policy-impact/videoshow/12702525.cms,debt.jpg,
RBI Policy: Will there be a change in RBI's stance?,https://economictimes.indiatimes.comhttps://economictimes.indiatimes.com/news/economy/policy/rbi-policy-will-there-be-a-change-in-rbis-stance/videoshow/65225701.cms,,
Sensex rangebound ahead of RBI policy meet,https://economictimes.indiatimes.comhttps://economictimes.indiatimes.com/et-now/markets/sensex-rangebound-ahead-of-rbi-policy-meet/videoshow/46822295.cms,,
RBI policy decision before noon on Thursday,https://economictimes.indiatimes.comhttps://economictimes.indiatimes.com/markets/stocks/news/rbi-policy-decision-before-noon-on-thursday/articleshow/67829082.cms,"On the previous occasion, the RBI had released the policy statement at 2.30 pm.",
Will RBI policy move currency and bond markets?,https://economictimes.indiatimes.comhttps://economictimes.indiatimes.com/markets/bonds/will-rbi-policy-move-currency-and-bond-markets/articleshow/52629778.cms,A few illustrative words from RBI governor Raghuram Rajan could well trigger wild swings in the rupee-dollar exchange rate and bond yields.,
RBI policy meet: Here is what to expect,https://economictimes.indiatimes.comhttps://economictimes.indiatimes.com/markets/stocks/news/rbi-policy-meet-here-is-what-to-expect/videoshow/64474269.cms,,
Indian bonds weaken on supply woes ahead of federal budget,https://economictimes.indiatimes.comhttps://economictimes.indiatimes.com/markets/bonds/indian-bonds-weaken-on-supply-woes-ahead-of-federal-budget/articleshow/127792102.cms,"Indian sovereign bonds weakened Friday due to supply concerns ahead of the final debt sale before the federal budget and rising U.S. Treasury yields. Investors await the budget's borrowing figures and the Reserve Bank of India's policy decision next week, with the 10-year yield hovering around 6.71%.",
Is RBI's no-rate hike mantra best-case scenario for Nifty bulls? What D-Street mavens say,https://economictimes.indiatimes.comhttps://economictimes.indiatimes.com/markets/stocks/news/is-rbis-no-rate-hike-mantra-best-case-scenario-for-nifty-bulls-what-d-street-mavens-say/articleshow/99290628.cms,The RBI’s pause is like Sachin's stroke on a tricky pitch but with eyes set in and having the luxury of hitting the ball wherever he wanted. The RBI had the option of a rate hike or a pause. The pause was not entirely unexpected.,
RBI’s Das gives a hat tip to Modi govt for fight to tame inflation,https://economictimes.indiatimes.comhttps://economictimes.indiatimes.com/markets/stocks/news/rbis-das-gives-a-hat-tip-to-modi-govt-for-fight-to-tame-inflation/articleshow/88159918.cms,The central bank retained the status quo on policy rates as well as its accommodative stance as it remained focused on ensuring a “durable” and “broad-based” economic recovery in the coming year.,
"ET View: Repo rate cut welcome, but rigidity and constraints remain",https://economictimes.indiatimes.comhttps://economictimes.indiatimes.com/opinion/et-view/et-view-repo-rate-cut-welcome-but-rigidity-and-constraints-remain/articleshow/68719784.cms,"RBI did well to reiterate its backing for the process of resolving bad loans under the Bankruptcy Code, notwithstanding the SC's annulment of its February 12 circular.",
"View: RBI should be cutting rates, not holding",https://economictimes.indiatimes.comhttps://economictimes.indiatimes.com/news/economy/indicators/view-rbi-should-be-cutting-rates-not-holding/articleshow/72383227.cms,Not a single economist among the 43 surveyed by Bloomberg News predicted no rate cuts happening.,
"RBI holds rate, maintains status quo. Full text of fifth bi-monthly policy meet for FY19",https://economictimes.indiatimes.comhttps://economictimes.indiatimes.com/markets/stocks/news/rbi-holds-rate-maintains-status-quo-full-text-of-fifth-bi-monthly-policy-meet-for-fy19/articleshow/66951944.cms,"Consequently, the reverse repo rate under the LAF remains at 6.25 per cent",
RBI reduces risk weights for bank lending to NBFCs,https://economictimes.indiatimes.comhttps://economictimes.indiatimes.com/industry/banking/finance/banking/rbi-reduces-risk-weights-for-bank-lending-to-nbfcs/articleshow/67881581.cms,RBI has decided to harmonise major categories of NBFCs. The guidelines will be out by February end.,
"ET Prime Special: What the RBI does and how it does it, and what it means for the stock market",https://economictimes.indiatimes.comhttps://economictimes.indiatimes.com/intelligent-investing/macro-economics/et-prime-special-what-the-rbi-does-and-how-it-does-it-and-what-it-means-for-the-stock-market/articleshow/128029005.cms,"In the vast and complex machinery of a modern economy, the central bank acts as the master conductor, ensuring all parts move in harmony to achieve the objectives of price stability, economic growth, and financial system stability. While most citizens interact with commercial banks for their daily banking needs, it is the central bank, the Reserve Bank of India (RBI) in India’s case, that operates behind the scenes, wielding powerful tools to manage inflation, stabilise the rupee, ensure adequate credit flow, and foster sustainable economic growth.",
RBI policy full text: FY20 GDP growth lowered to 7.2% from 7.4% earlier; CPI target revised downward to 2.4%,https://economictimes.indiatimes.comhttps://economictimes.indiatimes.com/markets/stocks/news/rbi-policy-full-text-fy20-gdp-growth-lowered-to-7-2-from-7-4-earlier/articleshow/68718036.cms,The MPC also decided to maintain the neutral monetary policy stance.,
"When growth is certain, RBI will change stance to inflation control: Nilesh Shah",https://economictimes.indiatimes.comhttps://economictimes.indiatimes.com/markets/expert-view/when-growth-is-certain-rbi-will-change-stance-to-inflation-control-nilesh-shah/articleshow/85093234.cms,"“RBI will be data driven. In the first phase, they will be pro-growth and at some point of time when growth is certain, they will change their stance towards controlling inflation.”",
Rupee ends flat at 64.07; RBI policy in focus,https://economictimes.indiatimes.comhttps://economictimes.indiatimes.com/markets/forex/rupee-ends-flat-at-64-07-rbi-policy-in-focus/articleshow/62792565.cms,The RBI's policy review is expected to dominate forex market sentiments during the week.,
RBI policy: What should mutual fund investors do?,https://economictimes.indiatimes.comhttps://economictimes.indiatimes.com/mf/analysis/rbi-policy-what-should-mutual-fund-investors-do/articleshow/104202708.cms,"The RBI continued with its policy stance of ‘withdrawing of accommodation’ and kept the Repo Rate, the short term rate at which it lends money to banks, at 6.5%. This is the fifth pause by the central bank since it started holding rates in February this year.",
10 rate-sensitive stocks to watch ahead of RBI policy,https://economictimes.indiatimes.comhttps://economictimes.indiatimes.com/markets/stocks/recos/10-rate-sensitive-stocks-to-watch-ahead-of-rbi-policy/articleshow/19015327.cms,Investors will remain cautious ahead of RBI’s mid-quarter monetary policy. The decision on key policy rates is likely to set the trend for the market this week.,
"Banking, auto, realty stocks down post RBI policy",https://economictimes.indiatimes.comhttps://economictimes.indiatimes.com/markets/stocks/news/banking-auto-realty-stocks-down-post-rbi-policy/articleshow/50825271.cms,"Bank, auto and realty stocks were down by as much as 5 per cent today post RBI policy where the central bank left the key interest rate unchanged.",
RBI policy to set tone for markets; volatility on cards: Experts,https://economictimes.indiatimes.comhttps://economictimes.indiatimes.com/markets/stocks/news/rbi-policy-to-set-tone-for-markets-volatility-on-cards-experts/articleshow/45324051.cms,"Shares, which have logged new highs in the past few sessions, will immediately react to GDP data that was released after markets closed on Friday.",
Top debt mutual fund managers decode RBI policy,https://economictimes.indiatimes.comhttps://economictimes.indiatimes.com/mf/analysis/top-debt-mutual-fund-managers-decode-rbi-policy/articleshow/80703033.cms,"Market players were disappointed as they expected specific measures like increase in HTM limits, OMO calendar.",
Rising inflation may limit rate cuts in RBI policy,https://economictimes.indiatimes.comhttps://economictimes.indiatimes.com/news/economy/indicators/rising-inflation-may-limit-rate-cuts-in-rbi-policy/articleshow/14148341.cms,Trade-off between growth & inflation will be a challenging call for RBI . Inflation is facing an uptrend after temporarily moving in a RBI comfort zone of below 7%.,
Top three key risks for markets from RBI policy,https://economictimes.indiatimes.comhttps://economictimes.indiatimes.com/markets/stocks/news/top-three-key-risks-for-markets-from-rbi-policy/articleshow/46836632.cms,"We have highlighted key risks from the RBI policy, which could act as a deterrent to markets.",
"RBI policy broadly endorses government estimates on growth, inflation",https://economictimes.indiatimes.comhttps://economictimes.indiatimes.com/news/economy/policy/rbi-policy-broadly-endorses-government-estimates-on-growth-inflation/articleshow/52633814.cms,"""RBI policy statement broadly endorses government expectations on GDP growth and inflation,"" Economic Affairs Secretary Shaktikanta Das said.",
Underwriters save another bond auction ahead of RBI policy,https://economictimes.indiatimes.comhttps://economictimes.indiatimes.com/markets/bonds/underwriters-save-another-bond-auction-ahead-of-rbi-policy/articleshow/83208067.cms,The yield on the 6.67% 2050 bond rose two basis points to 6.97%.,
"RBI MPC Meet Highlights: Governor on repo rate, inflation, rupee and exports, key points explained",https://economictimes.indiatimes.comhttps://economictimes.indiatimes.com/news/economy/policy/rbi-mpc-meeting-highlights-governor-sanjay-malhotra-key-announcements-6-february-2026/articleshow/127965024.cms,"RBI MPC Meet Highlights: The Reserve Bank of India's Monetary Policy Committee maintained a cautious approach, keeping the repo rate unchanged at 5.25% and a neutral stance. Governor Sanjay Malhotra cited controlled inflation and strong economic growth as reasons for the decision, signaling stability amid global uncertainties.",
Bank of Baroda's infratsructure exposure around 10-11%: CMD,https://economictimes.indiatimes.comhttps://economictimes.indiatimes.com/opinion/interviews/bank-of-barodas-infratsructure-exposure-around-10-11-cmd/articleshow/8888782.cms,"In an interview with ET Now, MD Mallya, CMD, Bank of Baroda, talks about the RBI's policy and effects of rate hikes on banks. Excerpts:",
ICICI's growth will be even more robust: Chanda Kochhar,https://economictimes.indiatimes.comhttps://economictimes.indiatimes.com/opinion/interviews/icicis-growth-will-be-even-more-robust-chanda-kochhar/articleshow/6837715.cms,"ET Now catches up with Chanda Kochhar, MD and CEO, ICICI Bank to analyse the top lender's earnings figures, capital adequacy & Kocchar's expectations from the RBI policy announcements next week. Excerpts:",
"RBI policy good stimulus, will prompt banks to cut rate: Finance Ministry",https://economictimes.indiatimes.comhttps://economictimes.indiatimes.com/news/economy/policy/rbi-policy-good-stimulus-will-prompt-banks-to-cut-rate-finance-ministry/articleshow/51696549.cms,"Jayant Sinha said the Budget has taken various fiscal and reform initiative, thus creating space for monetary easing.",
Tech view: Nifty50 forms ‘Short Bearish’ candle amid RBI policy bets,https://economictimes.indiatimes.comhttps://economictimes.indiatimes.com/markets/stocks/news/tech-view-nifty50-forms-short-bearish-candle-amid-rbi-policy-bets/articleshow/52620999.cms,A ‘Short Bear’ candle is formed when the index trades lower throughout the session with a range. The length of the candle signifies the range for the day.,
RBI Monetary Policy 2026: Why India's central bank left rates unchanged,https://economictimes.indiatimes.comhttps://economictimes.indiatimes.com/news/economy/indicators/rbi-monetary-policy-2026-why-rbi-left-rates-unchanged-repo-rate-decision-analysis-impact-on-inflation-growth/articleshow/127971608.cms,"The Reserve Bank of India kept the repo rate unchanged at 5.25% on Friday and retained a neutral policy stance, citing strong growth, low inflation and easing tariff pressures after a trade deal with the United States. The agreement includes a reduction in US tariffs on Indian imports from nearly 50% to 18%.",
RBI policy to set market direction,https://economictimes.indiatimes.comhttps://economictimes.indiatimes.com/industry/banking/finance/banking/rbi-policy-to-set-market-direction/articleshow/1797941.cms,Weakness in global markets coupled with domestic rate hike fears are expected to keep investors to the sidelines this week.,
RBI policy not to hamper growth: PC,https://economictimes.indiatimes.comhttps://economictimes.indiatimes.com/news/economy/policy/rbi-policy-not-to-hamper-growth-pc/articleshow/899666.cms,"Hailing RBI's monetary and credit policy, Finance Minister P Chidambaram on Tuesday said it will not hamper growth and the investment momentum will continue despite pressure on price level.",
Yields rise on hawkish RBI policy,https://economictimes.indiatimes.comhttps://economictimes.indiatimes.com/markets/bonds/yields-rise-on-hawkish-rbi-policy/articleshow/19061440.cms,"The yields on benchmark ten year government bonds rose 3 basis points, as Reserve Bank signaled scope for future rate cuts is limited.",
RBI policy impact and market reaction,https://economictimes.indiatimes.comhttps://economictimes.indiatimes.com/markets/stocks/news/mayur-patel-on-rbi-policy-decision-and-market-dynamics/rbi-policy-impact-and-market-reaction/slideshow/118010889.cms,,
Video: 'RBI policy will spur growth',https://economictimes.indiatimes.com/RBI-policy-augurs-well-for-return-to-high-growth-path/videoshow/4831315.cms,,
RBI policy on Wednesday: What to expect,https://economictimes.indiatimes.comhttps://economictimes.indiatimes.com/markets/stocks/news/rbi-policy-on-wednesday-what-to-expect/videoshow/65216714.cms,,
Analysts' views on RBI policy review,https://economictimes.indiatimes.comhttps://economictimes.indiatimes.com/news/economy/policy/analysts-views-on-rbi-policy-review/articleshow/7110911.cms,"The Reserve Bank of India left key interest rates on hold on Thursday, as expected, after six increases since March. Lets see what experts have to say:",
RBI policy tomorrow: What to expect?,https://economictimes.indiatimes.comhttps://economictimes.indiatimes.com/news/economy/policy/rbi-policy-tomorrow-what-to-expect/videoshow/60925935.cms,,
RBI policy review: Full text,https://economictimes.indiatimes.comhttps://economictimes.indiatimes.com/news/economy/policy/rbi-policy-review-full-text/articleshow/20626893.cms,"The reverse repo rate under the LAF will remain unchanged at 6.25 per cent, and the marginal standing facility (MSF) rate and the Bank Rate at 8.25 per cent.",
Expert's opinion and reaction on RBI policy,https://economictimes.indiatimes.comhttps://economictimes.indiatimes.com/et-now/experts/experts-opinion-and-reaction-on-rbi-policy/videoshow/15290294.cms,RBi-baking1.jpg,
Market Outlook Post-RBI Policy,https://economictimes.indiatimes.comhttps://economictimes.indiatimes.com/markets/stocks/news/stocks-to-buy-dipan-mehta-on-why-it-is-time-to-focus-on-fundamentals-over-market-momentum/market-outlook-post-rbi-policy/slideshow/121772773.cms,,
FD investors breathe easy as RBI pauses rates; how to lock in your investments for better returns,https://economictimes.indiatimes.comhttps://economictimes.indiatimes.com/wealth/save/fd-investors-breathe-easy-as-rbi-pauses-rates-how-to-lock-in-your-investment-for-better-returns/articleshow/127947668.cms,"The Reserve Bank of India maintained its repo rate at 5.25%, signaling no immediate change in fixed deposit interest rates. This decision follows a previous cut in December 2025, with inflation and bond yields influencing the RBI's stance. While some banks may still adjust rates due to ongoing transitions, future cuts are contingent on evolving economic factors.",
Key takeaways for fintechs from RBI policy meet; ETtech Deals Digest,https://economictimes.indiatimes.comhttps://economictimes.indiatimes.com/tech/newsletters/tech-top-5/key-takeaways-for-fintechs-from-rbi-policy-meet-indian-startups-raise-108-million-this-week/articleshow/105844213.cms,"The Reserve Bank of India has raised payment limits for UPI transactions in hospitals and educational institutions, among a clutch of other measures for the fintech sector, at its monetary policy meeting today. This and more in today’s ETtech Top 5.",
"RBI Policy Review: Inflation may take spotlight, but growth war still on",https://economictimes.indiatimes.comhttps://economictimes.indiatimes.com/markets/stocks/news/rbi-policy-review-inflation-may-take-spotlight-but-growth-war-still-on/articleshow/89407865.cms,"An ET poll comprising 22 respondents predicts that at its three day policy review ending Thursday, the RBI’s Monetary Policy Committee will raise the reverse repo rate, which for long has dictated the overnight cost of funds for banks",
RBI policy: Where should mutual funds investors put their money?,https://economictimes.indiatimes.comhttps://economictimes.indiatimes.com/mf/analysis/rbi-policy-where-should-mutual-funds-investors-put-their-money/articleshow/89496987.cms,The Reserve Bank of India surprised the money market as it held key rates in its policy review on Thursday.,
View: Why MPC should tread cautiously on key policy decisions,https://economictimes.indiatimes.comhttps://economictimes.indiatimes.com/news/economy/policy/view-why-mpc-should-tread-cautiously-on-key-policy-decisions/articleshow/71470061.cms,"The fear is that just RBI was behind the curve earlier, it might find itself ahead of the curve in the near future.",
RBI may pause again. But what markets will be watching out for?,https://economictimes.indiatimes.comhttps://economictimes.indiatimes.com/industry/banking/finance/banking/rbi-may-pause-again-but-what-markets-will-be-watching-out-for/articleshow/100829963.cms,Most economists in a Bloomberg survey expect expect the monetary policy committee (MPC) of the RBI to retain “withdrawal of accommodation” stance despite a fall in consumer inflation.,
RBI says inflation to moderate in FY23 as it keeps rates unchanged,https://economictimes.indiatimes.comhttps://economictimes.indiatimes.com/markets/stocks/news/rbi-says-inflation-to-moderate-in-fy23-as-it-keeps-rates-unchanged/articleshow/89471899.cms,"The repo and the reverse repo rates were left unchanged at 4 per cent and 3.35 per cent, respectively, while the accommodative stance of monetary policy was retained",
RBI Governor Das shows his hand to tame bond vigilantes,https://economictimes.indiatimes.comhttps://economictimes.indiatimes.com/markets/stocks/news/rbi-governor-das-shows-his-hand-to-tame-bond-vigilantes/articleshow/81952077.cms,"Hours after Das completed his monetary policy exposition, there wasn’t much complaining from any one – even the bond trader who has been playing hide and seek with the central bank for nearly six months.",
More space on monetary side than fiscal for boosting growth: Sanjeev Sanyal,https://economictimes.indiatimes.comhttps://economictimes.indiatimes.com/news/economy/indicators/more-space-on-monetary-side-than-fiscal-for-boosting-growth-sanjeev-sanyal/articleshow/71171100.cms,The next monetary policy review is scheduled to be held between October 1 and October 4.,
"Worst is over for Indian markets, 2026 set for outperformance: Sandeep Tandon",https://economictimes.indiatimes.comhttps://economictimes.indiatimes.com/markets/expert-view/worst-is-over-for-indian-markets-2026-set-for-outperformance-sandeep-tandon/articleshow/128106043.cms,"Indian markets are set for a strong showing in 2026. Extreme negativity has passed, and foreign investor selling is ending. The rupee is stabilizing. This creates opportunities across all market sizes. Pharmaceuticals and consumption themes are favored. IT companies may become AI enablers. India is positioned for outperformance as global markets face pressure.",
Rupee advances 10 paise to 70.79 against dollar ahead of RBI policy outcome,https://economictimes.indiatimes.comhttps://economictimes.indiatimes.com/markets/forex/rupee-advances-10-paise-to-70-79-against-dollar-in-early-trade/articleshow/71433931.cms,The local currency opened almost flat at 70.88 against the previous close of 70.90 per dollar.,
"Expect some measures to boost liquidity at today’s RBI meet: Manpreet Gill, StanChart",https://economictimes.indiatimes.comhttps://economictimes.indiatimes.com/opinion/interviews/expect-some-measures-to-boost-liquidity-at-todays-rbi-meet-manpreet-gill-stanchart/articleshow/46833017.cms,"Our view is that rates do have room to move lower. A look at falling inflation does suggest that there is room to cut rates further.""",
RBI hints at tightening monetary policy,https://economictimes.indiatimes.comhttps://economictimes.indiatimes.com/news/economy/policy/rbi-hints-at-tightening-monetary-policy/articleshow/6853038.cms,The bank said its objective was to maintain growth and moderate inflation -- a hint that a nominal hike may be on the cards tomorrow.,
Edelweiss Capital's views on RBI credit policy,https://economictimes.indiatimes.comhttps://economictimes.indiatimes.com/et-now/experts/edelweiss-capitals-views-on-rbi-credit-policy/videoshow/7360485.cms,edel.jpg,
"Slowdown in housing industry, RBI policy expectation impacting HDFC stocks: G Chokkalingam",https://economictimes.indiatimes.comhttps://economictimes.indiatimes.com/markets/stocks/recos/slowdown-in-housing-industry-rbi-policy-expectation-impacting-hdfc-stocks-g-chokkalingam/articleshow/27534085.cms,"""For the first time, HDFC Bank has posted lower than 30 per cent profit growth in the last quarter,"" Chokkalingam said.",
Why RBI will hit a hattrick of 25 bps rate cut tomorrow,https://economictimes.indiatimes.comhttps://economictimes.indiatimes.com/markets/stocks/news/why-rbi-will-hit-a-hattrick-of-25-bps-rate-cut-tomorrow/articleshow/121641890.cms,"Despite global economic uncertainties, India's economy shows resilience with a 7.4% growth in Q4 FY25. The RBI, supported by benign inflation and moderate growth, is expected to cut the repo rate by 25 bps to 5.75% in June. This move aims to boost economic activity, encourage borrowing and investment, and foster job creation, marking the third consecutive rate cut.",
RBI keeps repo rate unchanged at 5.15% amid accelerating inflation,https://economictimes.indiatimes.comhttps://economictimes.indiatimes.com/markets/stocks/news/rbi-keeps-repo-rate-unchanged-at-5-15-amid-accelerating-inflation/videoshow/73977721.cms,,
RBI MPC meet February 2026: Read the full statement by Governor Sanjay Malhotra here,https://economictimes.indiatimes.comhttps://economictimes.indiatimes.com/news/economy/policy/rbi-mpc-meet-february-2026-read-the-full-statement-by-governor-sanjay-malhotra-here/articleshow/127970995.cms,"RBI MPC statement: The Reserve Bank of India's Monetary Policy Committee maintained the repo rate at 5.25% and a neutral stance, prioritizing stability amidst global uncertainties. Strong domestic growth and controlled inflation provided the confidence for this decision. The MPC's unanimous vote reflects a cautious yet steady approach to managing India's economy.",
